系列,型号
A/K 系列,A400UQ
A/K 系列,A401LB
A/K 系列,A401UB
A/K 系列,A401UQ
A/K 系列,A407UB
A/K 系列,A41ID
A/K 系列,A41IE
A/K 系列,A42DE
A/K 系列,A42DQ
A/K 系列,A42F
A/K 系列,A42JA
A/K 系列,A42JB
A/K 系列,A42JC
A/K 系列,A42JE
A/K 系列,A42JK
A/K 系列,A42JP
A/K 系列,A42Jr
A/K 系列,A42JV
A/K 系列,A42JY
A/K 系列,A42JZ
A/K 系列,A42N
A/K 系列,A43E
A/K 系列,A43SA
A/K 系列,A43SD
A/K 系列,A43SJ
A/K 系列,A43SM
A/K 系列,A43SV
A/K 系列,A43TA
A/K 系列,A441MA
A/K 系列,A441NA
A/K 系列,A441UB
A/K 系列,A441UV
A/K 系列,A450CC
A/K 系列,A450JF
A/K 系列,A450JN
A/K 系列,A450LC
A/K 系列,A450LD
A/K 系列,A450LN
A/K 系列,A450VB
A/K 系列,A450VC
A/K 系列,A455LB
A/K 系列,A455LD
A/K 系列,A455LF
A/K 系列,A455LJ
A/K 系列,A456UF
A/K 系列,A456UJ
A/K 系列,A456UR
A/K 系列,A456UV
A/K 系列,A45A
A/K 系列,A45VD
A/K 系列,A45VJ
A/K 系列,A45VM
A/K 系列,A45VS
A/K 系列,A46CA
A/K 系列,A46CB
A/K 系列,A480UA
A/K 系列,A480UF
A/K 系列,A480UR
A/K 系列,A501LB
A/K 系列,A501UB
A/K 系列,A501UQ
A/K 系列,A505ZA
A/K 系列,A52DE
A/K 系列,A52F
A/K 系列,A52JB
A/K 系列,A52JC
A/K 系列,A52JE
A/K 系列,A52JK
A/K 系列,A52Jr
A/K 系列,A52JT
A/K 系列,A52JU
A/K 系列,A52JV
A/K 系列,A52N
A/K 系列,A540UB
A/K 系列,A540UP
A/K 系列,A550CC
A/K 系列,A550DP
A/K 系列,A550JK
A/K 系列,A550JX
A/K 系列,A550LA
A/K 系列,A550LC
A/K 系列,A550LD
A/K 系列,A550LN
A/K 系列,A550VB
A/K 系列,A550VC
A/K 系列,A550VQ
A/K 系列,A550ZE
A/K 系列,A552WE
A/K 系列,A553MA
A/K 系列,A555BP
A/K 系列,A555DG
A/K 系列,A555LB
A/K 系列,A555LD
A/K 系列,A555LF
A/K 系列,A555LJ
A/K 系列,A555LP
A/K 系列,A555QG
A/K 系列,A555UA
A/K 系列,A555UJ
A/K 系列,A555YI
A/K 系列,A556UA
A/K 系列,A556UF
A/K 系列,A556UJ
A/K 系列,A556UQ
A/K 系列,A556UR
A/K 系列,A556UV
A/K 系列,A55A
A/K 系列,A55VD
A/K 系列,A55VJ
A/K 系列,A55VM
A/K 系列,A56CA
A/K 系列,A56CB
A/K 系列,A580BP
A/K 系列,A580UA
A/K 系列,A580UF
A/K 系列,A580UR
A/K 系列,A72DR
A/K 系列,A72F
A/K 系列,A72JK
A/K 系列,A72Jr
A/K 系列,A751LJ
A/K 系列,A751LX
A/K 系列,A751YI
A/K 系列,A75VJ
A/K 系列,A75VM
A/K 系列,A85VD
A/K 系列,A95VJ
A/K 系列,A95VM
A/K 系列,ASUS VivoBook Max A541UJ
A/K 系列,ASUS VivoBook Max A541UV
A/K 系列,ASUS VivoBook S200E
A/K 系列,ASUS VivoBook X202E
A/K 系列,ASUS ZenBook Touch UX31A
A/K 系列,ASUS-LAMBORGHINI VX5
A/K 系列,C520UP
A/K 系列,K200MA
A/K 系列,K401LB
A/K 系列,K401UB
A/K 系列,K401UQ
A/K 系列,K40AB
A/K 系列,K40AC
A/K 系列,K40AD
A/K 系列,K40AE
A/K 系列,K40AF
A/K 系列,K40C
A/K 系列,K40ID
A/K 系列,K40IE
A/K 系列,K40IJ
A/K 系列,K40IL
A/K 系列,K40IN
A/K 系列,K40IP
A/K 系列,K42DE
A/K 系列,K42DQ
A/K 系列,K42DR
A/K 系列,K42DY
A/K 系列,K42F
A/K 系列,K42JA
A/K 系列,K42JB
A/K 系列,K42JC
A/K 系列,K42JE
A/K 系列,K42JK
A/K 系列,K42JP
A/K 系列,K42Jr
A/K 系列,K42JV
A/K 系列,K42JY
A/K 系列,K42JZ
A/K 系列,K42N
A/K 系列,K43BE
A/K 系列,K43BR
A/K 系列,K43BY
A/K 系列,K43E
A/K 系列,K43SA
A/K 系列,K43SD
A/K 系列,K43SJ
A/K 系列,K43SM
A/K 系列,K43SV
A/K 系列,K43TA
A/K 系列,K43TK
A/K 系列,K43U
A/K 系列,K441UV
A/K 系列,K450CC
A/K 系列,K450JF
A/K 系列,K450JN
A/K 系列,K450LD
A/K 系列,K450LN
A/K 系列,K450VB
A/K 系列,K450VC
A/K 系列,K450VE
A/K 系列,K451LA
A/K 系列,K451LN
A/K 系列,K455DG
A/K 系列,K455LB
A/K 系列,K455LD
A/K 系列,K455LJ
A/K 系列,K456UJ
A/K 系列,K45A
A/K 系列,K45DR
A/K 系列,K45VD
A/K 系列,K45VJ
A/K 系列,K45VM
A/K 系列,K45VS
A/K 系列,K46CA
A/K 系列,K46CB
A/K 系列,K46CM
A/K 系列,K501LB
A/K 系列,K501LX
A/K 系列,K501UB
A/K 系列,K501UQ
A/K 系列,K501UW
A/K 系列,K501UX
A/K 系列,K505BA
A/K 系列,K505BP
A/K 系列,K50AB
A/K 系列,K50AD
A/K 系列,K50AF
A/K 系列,K50C
A/K 系列,K50ID
A/K 系列,K50IE
A/K 系列,K50IJ
A/K 系列,K50IL
A/K 系列,K50IN
A/K 系列,K50IP
A/K 系列,K51AC
A/K 系列,K51AE
A/K 系列,K52DE
A/K 系列,K52DR
A/K 系列,K52DY
A/K 系列,K52F
A/K 系列,K52JB
A/K 系列,K52JC
A/K 系列,K52JE
A/K 系列,K52JK
A/K 系列,K52Jr
A/K 系列,K52JT
A/K 系列,K52JU
A/K 系列,K52JV
A/K 系列,K52N
A/K 系列,K53BE
A/K 系列,K53BR
A/K 系列,K53BY
A/K 系列,K53E
A/K 系列,K53SC
A/K 系列,K53SD
A/K 系列,K53SJ
A/K 系列,K53SK
A/K 系列,K53SM
A/K 系列,K53SV
A/K 系列,K53TA
A/K 系列,K53TK
A/K 系列,K53U
A/K 系列,K53Z
A/K 系列,K540UB
A/K 系列,K541UA
A/K 系列,K541UJ
A/K 系列,K550CA
A/K 系列,K550CC
A/K 系列,K550DP
A/K 系列,K550JD
A/K 系列,K550JK
A/K 系列,K550JX
A/K 系列,K550LB
A/K 系列,K550LC
A/K 系列,K550LD
A/K 系列,K550LN
A/K 系列,K550VB
A/K 系列,K550VC
A/K 系列,K550VQ
A/K 系列,K550VX
A/K 系列,K551LA
A/K 系列,K551LB
A/K 系列,K552WE
A/K 系列,K555DG
A/K 系列,K555LA
A/K 系列,K555LB
A/K 系列,K555LD
A/K 系列,K555LJ
A/K 系列,K555LP
A/K 系列,K555YI
A/K 系列,K555ZE
A/K 系列,K556UJ
A/K 系列,K55A
A/K 系列,K55DR
A/K 系列,K55N
A/K 系列,K55VD
A/K 系列,K55VJ
A/K 系列,K55VM
A/K 系列,K56CA
A/K 系列,K56CB
A/K 系列,K56CM
A/K 系列,K61IC
A/K 系列,K62F
A/K 系列,K62Jr
A/K 系列,K70AB
A/K 系列,K70AC
A/K 系列,K70AD
A/K 系列,K70AE
A/K 系列,K70AF
A/K 系列,K70IC
A/K 系列,K70ID
A/K 系列,K70IJ
A/K 系列,K70IO
A/K 系列,K72DR
A/K 系列,K72DY
A/K 系列,K72F
A/K 系列,K72JK
A/K 系列,K72Jr
A/K 系列,K72JT
A/K 系列,K72JU
A/K 系列,K73BE
A/K 系列,K73BR
A/K 系列,K73BY
A/K 系列,K73E
A/K 系列,K73SD
A/K 系列,K73SJ
A/K 系列,K73SM
A/K 系列,K73SV
A/K 系列,K73TA
A/K 系列,K73TK
A/K 系列,K750JB
A/K 系列,K751LN
A/K 系列,K751LX
A/K 系列,K751MJ
A/K 系列,K75DE
A/K 系列,K75VJ
A/K 系列,K75VM
A/K 系列,K93SM
A/K 系列,K93SV
A/K 系列,K95VJ
A/K 系列,K95VM
A/K 系列,N43SL Jay Chou Special Edition
A/K 系列,N45SL Jay Chou Mystic Edition
A/K 系列,NX90Jn
A/K 系列,NX90Jq
A/K 系列,NX90SN
A/K 系列,S6F Leather Collection
A/K 系列,U2E
A/K 系列,U2E Bamboo
A/K 系列,U33Jc
A/K 系列,U43Jc
A/K 系列,U43SD
A/K 系列,U53Jc
A/K 系列,U6V Bamboo
,
ASUS Laptop 系列,ASUS ImagineBook MJ401TA
ASUS Laptop 系列,ASUS Laptop 14 M409BA
ASUS Laptop 系列,ASUS Laptop 14 M409DA
ASUS Laptop 系列,ASUS Laptop 14 M409DJ
ASUS Laptop 系列,ASUS Laptop 14 M409DL
ASUS Laptop 系列,ASUS Laptop 14 X409FA
ASUS Laptop 系列,ASUS Laptop 14 X409FB
ASUS Laptop 系列,ASUS Laptop 14 X409FJ
ASUS Laptop 系列,ASUS Laptop 14 X409FL
ASUS Laptop 系列,ASUS Laptop 14 X409JA
ASUS Laptop 系列,ASUS Laptop 14 X409JB
ASUS Laptop 系列,ASUS Laptop 14 X409JP
ASUS Laptop 系列,ASUS Laptop 14 X409MA
ASUS Laptop 系列,ASUS Laptop 14 X409UA
ASUS Laptop 系列,ASUS Laptop 14 X409UB
ASUS Laptop 系列,ASUS Laptop 14 X409UJ
ASUS Laptop 系列,ASUS Laptop 15 D509DA
ASUS Laptop 系列,ASUS Laptop 15 F509FB
ASUS Laptop 系列,ASUS Laptop 15 F509UB
ASUS Laptop 系列,ASUS Laptop 15 M509BA
ASUS Laptop 系列,ASUS Laptop 15 M509DA
ASUS Laptop 系列,ASUS Laptop 15 M509DJ
ASUS Laptop 系列,ASUS Laptop 15 M509DL
ASUS Laptop 系列,ASUS Laptop 15 X509FA
ASUS Laptop 系列,ASUS Laptop 15 X509FB
ASUS Laptop 系列,ASUS Laptop 15 X509FJ
ASUS Laptop 系列,ASUS Laptop 15 X509FL
ASUS Laptop 系列,ASUS Laptop 15 X509JA
ASUS Laptop 系列,ASUS Laptop 15 X509JB
ASUS Laptop 系列,ASUS Laptop 15 X509JP
ASUS Laptop 系列,ASUS Laptop 15 X509MA
ASUS Laptop 系列,ASUS Laptop 15 X509UA
ASUS Laptop 系列,ASUS Laptop 15 X509UB
ASUS Laptop 系列,ASUS Laptop 15 X509UJ
ASUS Laptop 系列,ASUS Laptop 15 X545FA
ASUS Laptop 系列,ASUS Laptop 15 X545FB
ASUS Laptop 系列,ASUS Laptop 15 X545FJ
ASUS Laptop 系列,ASUS Laptop E203MA
ASUS Laptop 系列,ASUS Laptop E203MAH
ASUS Laptop 系列,ASUS Laptop E210MA
ASUS Laptop 系列,ASUS Laptop E402WA
ASUS Laptop 系列,ASUS Laptop E402YA
ASUS Laptop 系列,ASUS Laptop E403NA
ASUS Laptop 系列,ASUS Laptop E406MA
ASUS Laptop 系列,ASUS Laptop E406SA
ASUS Laptop 系列,ASUS Laptop E410MA
ASUS Laptop 系列,ASUS Laptop F571GT
ASUS Laptop 系列,ASUS Laptop W202NA
ASUS Laptop 系列,ASUS Laptop X407MA
ASUS Laptop 系列,ASUS Laptop X407UA
ASUS Laptop 系列,ASUS Laptop X407UB
ASUS Laptop 系列,ASUS Laptop X407UF
ASUS Laptop 系列,ASUS Laptop X441BA
ASUS Laptop 系列,ASUS Laptop X441MA
ASUS Laptop 系列,ASUS Laptop X441MB
ASUS Laptop 系列,ASUS Laptop X441UB
ASUS Laptop 系列,ASUS Laptop X507LA
ASUS Laptop 系列,ASUS Laptop X507MA
ASUS Laptop 系列,ASUS Laptop X507UA
ASUS Laptop 系列,ASUS Laptop X507UB
ASUS Laptop 系列,ASUS Laptop X507UF
ASUS Laptop 系列,ASUS Laptop X540BA
ASUS Laptop 系列,ASUS Laptop X540BP
ASUS Laptop 系列,ASUS Laptop X540LA
ASUS Laptop 系列,ASUS Laptop X540MA
ASUS Laptop 系列,ASUS Laptop X540MB
ASUS Laptop 系列,ASUS Laptop X540NV
ASUS Laptop 系列,ASUS Laptop X540UB
ASUS Laptop 系列,ASUS Laptop X541UV
ASUS Laptop 系列,ASUS Laptop X543BA
ASUS Laptop 系列,ASUS Laptop X543MA
ASUS Laptop 系列,ASUS Laptop X543UA
ASUS Laptop 系列,ASUS Laptop X543UB
ASUS Laptop 系列,ASUS Laptop X555BA
ASUS Laptop 系列,ASUS Laptop X555DA
ASUS Laptop 系列,ASUS Laptop X555DG
ASUS Laptop 系列,ASUS Laptop X555LF
ASUS Laptop 系列,ASUS Laptop X555LJ
ASUS Laptop 系列,ASUS Laptop X555QA
ASUS Laptop 系列,ASUS Laptop X555QG
ASUS Laptop 系列,ASUS Laptop X555YA
ASUS Laptop 系列,ASUS Laptop X555YI
ASUS Laptop 系列,ASUS Laptop X556UV
ASUS Laptop 系列,ASUS Laptop X560UD
ASUS Laptop 系列,ASUS Laptop X570UD
ASUS Laptop 系列,ASUS Laptop X570ZD
ASUS Laptop 系列,ASUS Laptop X571GD
ASUS Laptop 系列,ASUS Laptop X571GT
ASUS Laptop 系列,ASUS VivoBook 15 X505BA
ASUS Laptop 系列,ASUS VivoBook 15 X505ZA
ASUS Laptop 系列,ASUS VivoBook 15 X540UA
ASUS Laptop 系列,ASUS VivoBook 15 X540UV
ASUS Laptop 系列,ASUS VivoBook 15 X542UN
ASUS Laptop 系列,ASUS VivoBook E402BA
ASUS Laptop 系列,ASUS VivoBook Max X441SA
ASUS Laptop 系列,ASUS VivoBook Max X441UA
ASUS Laptop 系列,ASUS VivoBook Max X441UR
ASUS Laptop 系列,ASUS VivoBook Max X541SA
ASUS Laptop 系列,ASUS VivoBook X540LA
ASUS Laptop 系列,ASUS VivoBook X540SA
ASUS Laptop 系列,L406MA
ASUS Laptop 系列,R420MA
ASUS Laptop 系列,R540UP
ASUS Laptop 系列,R541NA
ASUS Laptop 系列,R541SA
ASUS Laptop 系列,X206HA
ASUS Laptop 系列,X402NA
ASUS Laptop 系列,X540SA
ASUS Laptop 系列,X541NA
,
a豆,ADOL13FA
a豆,ADOL13FL
a豆,ADOL13FN
a豆,ADOL13JP
a豆,ADOL13JQ
a豆,ADOL13UA
a豆,ADOL13UN
a豆,ADOL14FA
a豆,ADOL14FAC
a豆,ADOL14FLC
a豆,ADOL14FQC
a豆,REDOLBOOK14FP
a豆,REDOLBOOK14IA
,
D/Y 系列,D450CA
D/Y 系列,D451VE
D/Y 系列,D452CP
D/Y 系列,D452EA
D/Y 系列,D452VP
D/Y 系列,D540YA
D/Y 系列,D541SA
D/Y 系列,D541SC
D/Y 系列,D552CL
D/Y 系列,D552EA
D/Y 系列,D552WA
D/Y 系列,DX882LD
D/Y 系列,DX991CL
D/Y 系列,DX992LD
D/Y 系列,DX992MD
D/Y 系列,DX992UA
D/Y 系列,Y4000UA
D/Y 系列,Y4000UB
D/Y 系列,Y406FA
D/Y 系列,Y406UA
D/Y 系列,Y4200DA
D/Y 系列,Y4200FA
D/Y 系列,Y4200FB
D/Y 系列,Y4200JA
D/Y 系列,Y4200JB
D/Y 系列,Y481CC
D/Y 系列,Y481LD
D/Y 系列,Y483LD
D/Y 系列,Y5000UA
D/Y 系列,Y5000UB
D/Y 系列,Y5100UB
D/Y 系列,Y5200DA
D/Y 系列,Y5200FA
D/Y 系列,Y5200FB
D/Y 系列,Y5200JA
D/Y 系列,Y5200JB
D/Y 系列,Y581CC
D/Y 系列,Y581LC
D/Y 系列,Y581LD
D/Y 系列,Y582CL
D/Y 系列,Y582LD
D/Y 系列,Y582MD
D/Y 系列,Y583LD
D/Y 系列,YX560UD
D/Y 系列,YX570DD
D/Y 系列,YX570UD
D/Y 系列,YX570ZD
D/Y 系列,ZenBook 14 Q407IQ
,
F/R 系列,Asus VivoBook  F550CA
F/R 系列,Asus VivoBook  F550VB
F/R 系列,ASUS Vivobook F200CA
F/R 系列,ASUS VivoBook F450CC
F/R 系列,Asus VivoBook F450JF
F/R 系列,Asus VivoBook F450VB
F/R 系列,ASUS VivoBook F550LD
F/R 系列,ASUS VivoBook Max R541UJ
F/R 系列,Eee PC R011PX
F/R 系列,Eee PC R051PX
F/R 系列,Eee PC R101D
F/R 系列,Eee PC R105D
F/R 系列,F200MA
F/R 系列,F201E
F/R 系列,F2F-
F/R 系列,F2Hf
F/R 系列,F2J
F/R 系列,F2Je
F/R 系列,F301A
F/R 系列,F401A
F/R 系列,F402CA
F/R 系列,F441UV
F/R 系列,F442UF
F/R 系列,F442UR
F/R 系列,F450CC
F/R 系列,F450LC
F/R 系列,F450LD
F/R 系列,F450VC
F/R 系列,F452MD
F/R 系列,F452MJ
F/R 系列,F454LD
F/R 系列,F454LJ
F/R 系列,F455LD
F/R 系列,F455LJ
F/R 系列,F456UJ
F/R 系列,F456UV
F/R 系列,F50Gx
F/R 系列,F50Q
F/R 系列,F50Sf
F/R 系列,F50SL
F/R 系列,F50Sv
F/R 系列,F50Z
F/R 系列,F540UP
F/R 系列,F541UJ
F/R 系列,F542UF
F/R 系列,F550CC
F/R 系列,F550JK
F/R 系列,F550LC
F/R 系列,F550VC
F/R 系列,F552CL
F/R 系列,F552MD
F/R 系列,F552MJ
F/R 系列,F552VL
F/R 系列,F554LI
F/R 系列,F554LP
F/R 系列,F554UA
F/R 系列,F555LB
F/R 系列,F555LD
F/R 系列,F555LJ
F/R 系列,F555UJ
F/R 系列,F556UB
F/R 系列,F556UQ
F/R 系列,F556UR
F/R 系列,F556UV
F/R 系列,F55A
F/R 系列,F580UQ
F/R 系列,F6A
F/R 系列,F6E
F/R 系列,F6H
F/R 系列,F6S
F/R 系列,F6V
F/R 系列,F6V Multi-Color
F/R 系列,F6Ve
F/R 系列,F751LDV
F/R 系列,F75A
F/R 系列,F80Cr
F/R 系列,F80L
F/R 系列,F80Q
F/R 系列,F80S
F/R 系列,F81Se
F/R 系列,F82Q
F/R 系列,F83Cr
F/R 系列,F83Se
F/R 系列,F83T
F/R 系列,F83Vf
F/R 系列,F8Dc
F/R 系列,F8P
F/R 系列,F8Sa
F/R 系列,F8Se
F/R 系列,F8Sg
F/R 系列,F8Sn
F/R 系列,F8Sp
F/R 系列,F8Sr
F/R 系列,F8Sv
F/R 系列,F8Tr
F/R 系列,F8V
F/R 系列,F8Va
F/R 系列,F8Vr
F/R 系列,F9Dc
F/R 系列,F9E
F/R 系列,F9F
F/R 系列,F9J
F/R 系列,F9S
F/R 系列,F9Sg
F/R 系列,FL4000C
F/R 系列,FL5000CC
F/R 系列,FL5500L
F/R 系列,FL5600L
F/R 系列,FL5700UP
F/R 系列,FL5800L
F/R 系列,FL5900U
F/R 系列,FL5900UQ
F/R 系列,FL8000UF
F/R 系列,FL8000UN
F/R 系列,FL8000UQ
F/R 系列,FL8700DA
F/R 系列,FL8700FB
F/R 系列,FL8700FJ
F/R 系列,FL8700JB
F/R 系列,FL8700JP
F/R 系列,FL8800IA
F/R 系列,R1E
F/R 系列,R1F-
F/R 系列,R2E
F/R 系列,R2H
F/R 系列,R2Hv
F/R 系列,R400VD
F/R 系列,R400VM
F/R 系列,R405CB
F/R 系列,R409CC
F/R 系列,R409JF
F/R 系列,R409LD
F/R 系列,R409VB
F/R 系列,R409VC
F/R 系列,R412MJ
F/R 系列,R412VP
F/R 系列,R414UV
F/R 系列,R415UQ
F/R 系列,R416NA
F/R 系列,R417NA
F/R 系列,R417SA
F/R 系列,R419UF
F/R 系列,R419UR
F/R 系列,R421UA
F/R 系列,R421UN
F/R 系列,R424FA
F/R 系列,R454LD
F/R 系列,R454LJ
F/R 系列,R455LD
F/R 系列,R455LJ
F/R 系列,R457UJ
F/R 系列,R457UV
F/R 系列,R500A
F/R 系列,R500VD
F/R 系列,R500VJ
F/R 系列,R500VM
F/R 系列,R501VM
F/R 系列,R510CC
F/R 系列,R510JK
F/R 系列,R510LD
F/R 系列,R510VB
F/R 系列,R510VC
F/R 系列,R513CL
F/R 系列,R513LD
F/R 系列,R513MD
F/R 系列,R513MJ
F/R 系列,R513VL
F/R 系列,R518UQ
F/R 系列,R540UP
F/R 系列,R553LN
F/R 系列,R556LD
F/R 系列,R556LJ
F/R 系列,R556UA
F/R 系列,R556UJ
F/R 系列,R557LI
F/R 系列,R557LP
F/R 系列,R557UA
F/R 系列,R558UV
F/R 系列,R752LAV
F/R 系列,R752LDV
F/R 系列,RX310UA
F/R 系列,RX310UQ
F/R 系列,RX410UQ
,
M 系列,M4050DA
M 系列,M4050IA
M 系列,M4100IA
M 系列,M4600IA
M 系列,M5050DA
M 系列,M50Sa
M 系列,M5600IA
M 系列,M80TA
,
ProArt 系列,ProArt StudioBook 15 H500GV
ProArt 系列,ProArt StudioBook 17 H700GV
ProArt 系列,ProArt StudioBook One W590G6T
ProArt 系列,ProArt StudioBook Pro 15 W500G5T
ProArt 系列,ProArt StudioBook Pro 17 W700G1T
ProArt 系列,ProArt StudioBook Pro 17 W700G2T
ProArt 系列,ProArt StudioBook Pro 17 W700G3T
ProArt 系列,ProArt StudioBook Pro X W730G1T
ProArt 系列,ProArt StudioBook Pro X W730G2T
ProArt 系列,ProArt StudioBook Pro X W730G5T
,
ROG玩家国度系列,ASUS FX553VD
ROG玩家国度系列,ASUS FX553VE
ROG玩家国度系列,ASUS FX753VD
ROG玩家国度系列,ASUS FX753VE
ROG玩家国度系列,FX502VD
ROG玩家国度系列,FX502VE
ROG玩家国度系列,FX502VM
ROG玩家国度系列,FX503
ROG玩家国度系列,G57JK
ROG玩家国度系列,G58JM
ROG玩家国度系列,G58VW
ROG玩家国度系列,G60VW
ROG玩家国度系列,G7AI
ROG玩家国度系列,G7BI
ROG玩家国度系列,G7BS
ROG玩家国度系列,GFX70JS
ROG玩家国度系列,GFX70JZ
ROG玩家国度系列,GFX71JT
ROG玩家国度系列,GFX71JY
ROG玩家国度系列,GFX72VM
ROG玩家国度系列,GFX72VS
ROG玩家国度系列,GFX72VT
ROG玩家国度系列,GFX72VY
ROG玩家国度系列,GL771
ROG玩家国度系列,GU502L
ROG玩家国度系列,GX701VI
ROG玩家国度系列,ROG G46VW
ROG玩家国度系列,ROG G501JW
ROG玩家国度系列,ROG G501VW
ROG玩家国度系列,ROG G50V
ROG玩家国度系列,ROG G50Vt
ROG玩家国度系列,ROG G51J
ROG玩家国度系列,ROG G51J 3D
ROG玩家国度系列,ROG G51Jx
ROG玩家国度系列,ROG G51Jx 3D
ROG玩家国度系列,ROG G51Vx
ROG玩家国度系列,ROG G53Jw
ROG玩家国度系列,ROG G53SW
ROG玩家国度系列,ROG G53SX
ROG玩家国度系列,ROG G550JK
ROG玩家国度系列,ROG G550JX
ROG玩家国度系列,ROG G551JK
ROG玩家国度系列,ROG G551JM
ROG玩家国度系列,ROG G551VW
ROG玩家国度系列,ROG G55VW
ROG玩家国度系列,ROG G56JK
ROG玩家国度系列,ROG G56JR
ROG玩家国度系列,ROG G58JW
ROG玩家国度系列,ROG G60J
ROG玩家国度系列,ROG G60JW
ROG玩家国度系列,ROG G60Jx
ROG玩家国度系列,ROG G60Vx
ROG玩家国度系列,ROG G701VI
ROG玩家国度系列,ROG G701VI (7th Gen Intel Core)
ROG玩家国度系列,ROG G701VO
ROG玩家国度系列,ROG G703
ROG玩家国度系列,ROG G73Jh
ROG玩家国度系列,ROG G73Jw
ROG玩家国度系列,ROG G73SW
ROG玩家国度系列,ROG G74SX
ROG玩家国度系列,ROG G750JH
ROG玩家国度系列,ROG G750JM
ROG玩家国度系列,ROG G750JS
ROG玩家国度系列,ROG G750JW
ROG玩家国度系列,ROG G750JX
ROG玩家国度系列,ROG G750JY
ROG玩家国度系列,ROG G750JZ
ROG玩家国度系列,ROG G751JL
ROG玩家国度系列,ROG G751JM
ROG玩家国度系列,ROG G751JT
ROG玩家国度系列,ROG G751JY
ROG玩家国度系列,GFX72VL
ROG玩家国度系列,ROG G752VM
ROG玩家国度系列,ROG G752VS
ROG玩家国度系列,ROG G752VS  (7th Gen Intel Core)
ROG玩家国度系列,ROG G752VT
ROG玩家国度系列,ROG G752VY
ROG玩家国度系列,ROG G75VW
ROG玩家国度系列,ROG G75VX
ROG玩家国度系列,ROG G800VI
ROG玩家国度系列,ROG GL502VM
ROG玩家国度系列,ROG GL502VM  (7th Gen Intel Core)
ROG玩家国度系列,ROG GL502VS
ROG玩家国度系列,ROG GL502VS  (7th Gen Intel Core)
ROG玩家国度系列,ROG GL502VT
ROG玩家国度系列,ROG GL502VY
ROG玩家国度系列,ROG GL551JW
ROG玩家国度系列,ROG GL552JX
ROG玩家国度系列,ROG GL552VL
ROG玩家国度系列,ROG GL552VW
ROG玩家国度系列,ROG GL552VX
ROG玩家国度系列,ROG GL552VX  (7th Gen Intel Core)
ROG玩家国度系列,ROG GL553VD
ROG玩家国度系列,ROG GL553VE
ROG玩家国度系列,ROG GL553VW
ROG玩家国度系列,ROG GL702VM
ROG玩家国度系列,ROG GL702VM  (7th Gen Intel Core)
ROG玩家国度系列,ROG GL702VS
ROG玩家国度系列,ROG GL702VT
ROG玩家国度系列,ROG GL752VL
ROG玩家国度系列,ROG GL752VW
ROG玩家国度系列,ROG GL753VD
ROG玩家国度系列,ROG GL753VE
ROG玩家国度系列,ROG GX700VO
ROG玩家国度系列,ROG GX800VH (7th Gen Intel Core)
ROG玩家国度系列,ROG Mothership (GZ700)
ROG玩家国度系列,ROG Strix G
ROG玩家国度系列,ROG Strix G15/17
ROG玩家国度系列,ROG Strix GL503
ROG玩家国度系列,ROG Strix GL702VI
ROG玩家国度系列,ROG Strix GL702ZC
ROG玩家国度系列,ROG Strix GL703
ROG玩家国度系列,ROG Strix Hero Edition
ROG玩家国度系列,ROG Strix Hero II
ROG玩家国度系列,ROG Strix Hero III
ROG玩家国度系列,ROG Strix SCAR 15/17
ROG玩家国度系列,ROG Strix SCAR Edition
ROG玩家国度系列,ROG Strix SCAR II
ROG玩家国度系列,ROG Strix SCAR III
ROG玩家国度系列,ROG ZEPHYRUS (GX501)
ROG玩家国度系列,ROG Zephyrus Duo 15
ROG玩家国度系列,ROG Zephyrus G GA502DU
ROG玩家国度系列,ROG Zephyrus G14
ROG玩家国度系列,ROG Zephyrus G15
ROG玩家国度系列,ROG Zephyrus M (GM501)
ROG玩家国度系列,ROG Zephyrus M15
ROG玩家国度系列,ROG Zephyrus S (GX531)
ROG玩家国度系列,ROG Zephyrus S15
ROG玩家国度系列,ROG Zephyrus S17
ROG玩家国度系列,S5AM Traditional
ROG玩家国度系列,S5AM HERO
ROG玩家国度系列,S5AM SCAR
ROG玩家国度系列,S5AS
ROG玩家国度系列,S5VM
ROG玩家国度系列,S5VS
ROG玩家国度系列,S5VT
ROG玩家国度系列,S5VY
ROG玩家国度系列,S7AM
ROG玩家国度系列,S7BM
ROG玩家国度系列,S7BS
ROG玩家国度系列,S7CM
ROG玩家国度系列,S7VI
ROG玩家国度系列,S7VM
ROG玩家国度系列,S7VS
ROG玩家国度系列,S7VT
ROG玩家国度系列,S7ZC
,
S 系列,ASUS VivoBook  S451LA
S 系列,ASUS VivoBook  S451LB
S 系列,ASUS VivoBook  S451LN
S 系列,ASUS VivoBook  S551LA
S 系列,ASUS VivoBook  S551LB
S 系列,ASUS VivoBook  S551LN
S 系列,S406UA
S 系列,ASUS VivoBook S200E
S 系列,ASUS VivoBook S300CA
S 系列,ASUS VivoBook S400CA
S 系列,ASUS VivoBook S500CA
S 系列,ASUS VivoBook S550CA
S 系列,ASUS VivoBook S550CB
S 系列,ASUS VivoBook S550CM
S 系列,S101
S 系列,S102
S 系列,S121
S 系列,S4000UA
S 系列,S4000VA
S 系列,S4000VF
S 系列,S405UR
S 系列,S4100UQ
S 系列,S4100UR
S 系列,S4100VN
S 系列,S4200UA
S 系列,S4200UF
S 系列,S4200UN
S 系列,S4200UQ
S 系列,S4300FN
S 系列,S4300UA
S 系列,S4300UF
S 系列,S4300UN
S 系列,S4500FL
S 系列,S4600FL
S 系列,S4600JQ
S 系列,S46CA
S 系列,S46CB
S 系列,S46CM
S 系列,S505CM
S 系列,S5100UA
S 系列,S5100UF
S 系列,S5100UN
S 系列,S5100UQ
S 系列,S5100UR
S 系列,S5300FN
S 系列,S5300UN
S 系列,S5500FL
S 系列,S5600FL
S 系列,S56CA
S 系列,S56CB
S 系列,S56CM
S 系列,S6F
S 系列,S6Fm
S 系列,S7F
,
V/VM 系列,ASUS E203NAH
V/VM 系列,ASUS Laptop 15 M509DA
V/VM 系列,ASUS Laptop E203MA
V/VM 系列,ASUS Laptop E203MAH
V/VM 系列,ASUS Laptop X407UA
V/VM 系列,ASUS Laptop X507MA
V/VM 系列,ASUS Laptop X507UA
V/VM 系列,ASUS Laptop X507UB
V/VM 系列,ASUS Laptop X507UF
V/VM 系列,ASUS Laptop X571GD
V/VM 系列,ASUS Laptop X571GT
V/VM 系列,ASUS VivoBook 14 D413IA
V/VM 系列,ASUS VivoBook 14 K413FA
V/VM 系列,V4100FP
V/VM 系列,ASUS VivoBook 14 K413FQ
V/VM 系列,ASUS VivoBook 14 M413DA
V/VM 系列,ASUS VivoBook 14 M413IA
V/VM 系列,ASUS VivoBook 14 X403FA
V/VM 系列,ASUS VivoBook 14 X403FAC
V/VM 系列,ASUS VivoBook 14 X403JA
V/VM 系列,ASUS Vivobook 14 X405UA
V/VM 系列,ASUS VivoBook 14 X405UQ
V/VM 系列,ASUS Vivobook 14 X405UR
V/VM 系列,ASUS VivoBook 14 X411QA
V/VM 系列,ASUS VivoBook 14 X411QR
V/VM 系列,ASUS VivoBook 14 X411UA
V/VM 系列,ASUS VivoBook 14 X411UF
V/VM 系列,ASUS VivoBook 14 X411UN
V/VM 系列,ASUS VivoBook 14 X411UQ
V/VM 系列,ASUS VivoBook 14 X412DA
V/VM 系列,ASUS VivoBook 14 X412DK
V/VM 系列,ASUS VivoBook 14 X412FA
V/VM 系列,ASUS VivoBook 14 X412FJ
V/VM 系列,ASUS VivoBook 14 X412FL
V/VM 系列,ASUS VivoBook 14 X412UA
V/VM 系列,ASUS VivoBook 14 X412UB
V/VM 系列,ASUS VivoBook 14 X412UF
V/VM 系列,ASUS VivoBook 14 X413FA
V/VM 系列,ASUS VivoBook 14 X413FF
V/VM 系列,ASUS VivoBook 14 X413FP
V/VM 系列,ASUS VivoBook 14 X420FA
V/VM 系列,ASUS VivoBook 14 X420UA
V/VM 系列,ASUS VivoBook 14 X442UA
V/VM 系列,ASUS VivoBook 14 X442UF
V/VM 系列,ASUS VivoBook 14 X442UN
V/VM 系列,ASUS VivoBook 14 X442UQ
V/VM 系列,ASUS VivoBook 14 X442UR
V/VM 系列,ASUS VivoBook 15 F512DA
V/VM 系列,ASUS VivoBook 15 X505BA
V/VM 系列,ASUS VivoBook 15 X505BP
V/VM 系列,ASUS VivoBook 15 X505ZA
V/VM 系列,ASUS VivoBook 15 X510QA
V/VM 系列,ASUS VivoBook 15 X510QR
V/VM 系列,ASUS VivoBook 15 X510UA
V/VM 系列,ASUS VivoBook 15 X510UF
V/VM 系列,ASUS VivoBook 15 X510UN
V/VM 系列,ASUS VivoBook 15 X510UQ
V/VM 系列,ASUS VivoBook 15 X510UR
V/VM 系列,ASUS VivoBook 15 X512DA
V/VM 系列,ASUS VivoBook 15 X512DK
V/VM 系列,ASUS VivoBook 15 X512FA
V/VM 系列,ASUS VivoBook 15 X512FB
V/VM 系列,ASUS VivoBook 15 X512FJ
V/VM 系列,ASUS VivoBook 15 X512FL
V/VM 系列,ASUS VivoBook 15 X512JA
V/VM 系列,ASUS VivoBook 15 X512JF
V/VM 系列,ASUS VivoBook 15 X512JP
V/VM 系列,ASUS VivoBook 15 X512UA
V/VM 系列,ASUS VivoBook 15 X512UB
V/VM 系列,ASUS VivoBook 15 X512UF
V/VM 系列,ASUS VivoBook 15 X540NA
V/VM 系列,ASUS VivoBook 15 X540UA
V/VM 系列,ASUS VivoBook 15 X540UV
V/VM 系列,ASUS VivoBook 15 X542BA
V/VM 系列,ASUS VivoBook 15 X542BP
V/VM 系列,ASUS VivoBook 15 X542UA
V/VM 系列,ASUS VivoBook 15 X542UF
V/VM 系列,ASUS VivoBook 15 X542UN
V/VM 系列,ASUS VivoBook 15 X542UQ
V/VM 系列,ASUS VivoBook 15 X542UR
V/VM 系列,ASUS VivoBook 15 X571LH
V/VM 系列,ASUS VivoBook 15 X571LI
V/VM 系列,ASUS VivoBook 17 K712FA
V/VM 系列,ASUS VivoBook 17 K712FB
V/VM 系列,ASUS VivoBook 17 X705MA
V/VM 系列,ASUS VivoBook 17 X705MB
V/VM 系列,ASUS VivoBook 17 X705NA
V/VM 系列,ASUS VivoBook 17 X705NC
V/VM 系列,ASUS VivoBook 17 X705QA
V/VM 系列,ASUS VivoBook 17 X705QR
V/VM 系列,ASUS VivoBook 17 X705UA
V/VM 系列,ASUS VivoBook 17 X705UB
V/VM 系列,ASUS VivoBook 17 X705UF
V/VM 系列,ASUS VivoBook 17 X705UQ
V/VM 系列,ASUS VivoBook 17 X705UV
V/VM 系列,ASUS VivoBook 17 X712FA
V/VM 系列,ASUS VivoBook 17 X712FB
V/VM 系列,ASUS VivoBook E201NA
V/VM 系列,ASUS VivoBook E202SA
V/VM 系列,ASUS VivoBook E402SA
V/VM 系列,ASUS VivoBook E403SA
V/VM 系列,ASUS VivoBook Max A541UJ
V/VM 系列,ASUS VivoBook Max A541UV
V/VM 系列,ASUS VivoBook Max R541UJ
V/VM 系列,ASUS VivoBook Max X441NA
V/VM 系列,ASUS VivoBook Max X441NC
V/VM 系列,ASUS VivoBook Max X441SA
V/VM 系列,ASUS VivoBook Max X441SC
V/VM 系列,ASUS VivoBook Max X441UA
V/VM 系列,ASUS VivoBook Max X441UR
V/VM 系列,ASUS VivoBook Max X441UV
V/VM 系列,ASUS VivoBook Max X541SA
V/VM 系列,ASUS VivoBook Max X541SC
V/VM 系列,ASUS VivoBook Max X541UA
V/VM 系列,ASUS VivoBook Max X541UV
V/VM 系列,ASUS VivoBook Pro 15 N580VD
V/VM 系列,ASUS VivoBook S15 D533IA
V/VM 系列,ASUS VivoBook S15 S510UA
V/VM 系列,ASUS VivoBook X540LA
V/VM 系列,ASUS VivoBook X540LJ
V/VM 系列,ASUS VivoBook X540SA
V/VM 系列,ASUS VivoBook X540SC
V/VM 系列,ASUS VivoBook X540YA
V/VM 系列,ASUS Vivobook X556UA
V/VM 系列,ASUS Vivobook X556UB
V/VM 系列,ASUS Vivobook X556UF
V/VM 系列,ASUS Vivobook X556UJ
V/VM 系列,ASUS Vivobook X556UQ
V/VM 系列,ASUS Vivobook X556UR
V/VM 系列,ASUS-AUTOMOBILI LAMBORGHINI Eee PC VX6S
V/VM 系列,ASUS-Automobili Lamborghini VX7
V/VM 系列,ASUS-Automobili Lamborghini VX7SX
V/VM 系列,E402MA
V/VM 系列,E402SA
V/VM 系列,E403SA
V/VM 系列,K501UX
V/VM 系列,K541UJ
V/VM 系列,K550VX
V/VM 系列,R541SA
V/VM 系列,V4000DA
V/VM 系列,V4000DK
V/VM 系列,V4000FJ
V/VM 系列,V4000FL
V/VM 系列,V4000UB
V/VM 系列,V401UQ
V/VM 系列,V4050FF
V/VM 系列,V4050FP
V/VM 系列,V4050JP
V/VM 系列,V405LB
V/VM 系列,V405UQ
V/VM 系列,V406UA
V/VM 系列,V451LN
V/VM 系列,V455LB
V/VM 系列,V480QR
V/VM 系列,V5000DA
V/VM 系列,V5000DK
V/VM 系列,V5000FB
V/VM 系列,V5000FJ
V/VM 系列,V5000FL
V/VM 系列,V5000JA
V/VM 系列,V5000JP
V/VM 系列,V505LX
V/VM 系列,V505UX
V/VM 系列,V510UX
V/VM 系列,V551LN
V/VM 系列,V555LB
V/VM 系列,V555UB
V/VM 系列,V555UQ
V/VM 系列,V556UQ
V/VM 系列,V580QR
V/VM 系列,V587UN
V/VM 系列,V755UX
V/VM 系列,VivoBook E502NA
V/VM 系列,VM400CP
V/VM 系列,VM400VP
V/VM 系列,VM410LD
V/VM 系列,VM410MD
V/VM 系列,VM480LN
V/VM 系列,VM490LN
V/VM 系列,VM510LD
V/VM 系列,VM510LF
V/VM 系列,VM510LI
V/VM 系列,VM510LJ
V/VM 系列,VM510LP
V/VM 系列,VM510UA
V/VM 系列,VM520UP
V/VM 系列,VM580DP
V/VM 系列,VM580L
V/VM 系列,VM590LB
V/VM 系列,VM590LJ
V/VM 系列,VM590LN
V/VM 系列,VM590UA
V/VM 系列,VM590ZE
V/VM 系列,VM591UF
V/VM 系列,VM591UR
V/VM 系列,VM591UV
V/VM 系列,VM592UJ
V/VM 系列,VX50IU
V/VM 系列,VX50VQ
V/VM 系列,VX60GD
V/VM 系列,VX60GT
V/VM 系列,X455LA
V/VM 系列,X456UA
V/VM 系列,X541NA
V/VM 系列,X541UJ
V/VM 系列,X550IK
V/VM 系列,X550VX
V/VM 系列,X555BA
V/VM 系列,X555BP
V/VM 系列,X555LA
V/VM 系列,X555LF
V/VM 系列,X555LJ
V/VM 系列,X555QA
V/VM 系列,X555QG
V/VM 系列,X555UQ
V/VM 系列,X555YA
V/VM 系列,X555YI
V/VM 系列,X556UA
V/VM 系列,X556UJ
V/VM 系列,X751BP
V/VM 系列,X751NA
V/VM 系列,X751NV
V/VM 系列,X756UA
V/VM 系列,X756UQ
V/VM 系列,X756UV
V/VM 系列,X756UW
V/VM 系列,X756UX
,
X 系列,ASUS VivoBook 15 X542UA
X 系列,ASUS VivoBook X202E
X 系列,ASUS VivoBook X540UP
X 系列,ASUS VivoBook X540YA
X 系列,ASUS VivoBook X550LB
X 系列,D555YA
X 系列,VivoBook X410
X 系列,VivoBook X456UQ
X 系列,VivoBook X456UR
X 系列,VivoBook X456UV
X 系列,VivoBook X550CA
X 系列,X200CA
X 系列,X200LA
X 系列,X200MA
X 系列,X201E
X 系列,X301A
X 系列,X302LA
X 系列,X302UA
X 系列,X302UJ
X 系列,X302UV
X 系列,X35SG
X 系列,X400NA
X 系列,X401A
X 系列,X401U
X 系列,X402BP
X 系列,X402CA
X 系列,X42JE
X 系列,X43BE
X 系列,X44C
X 系列,X44H
X 系列,X44HR
X 系列,X44HY
X 系列,X44L
X 系列,X44LY
X 系列,X450CA
X 系列,X450CC
X 系列,X450JB
X 系列,X450JN
X 系列,X450LC
X 系列,X450LD
X 系列,X450LN
X 系列,X450VC
X 系列,X450VE
X 系列,X451CA
X 系列,X451MA
X 系列,X451MAV
X 系列,X452EA
X 系列,X452EP
X 系列,X452MD
X 系列,X452MJ
X 系列,X452VP
X 系列,X453MA
X 系列,X453SA
X 系列,X454LD
X 系列,X454LJ
X 系列,X454WA
X 系列,X454WE
X 系列,X454YI
X 系列,X455DG
X 系列,X455LA
X 系列,X455LB
X 系列,X455LD
X 系列,X455LF
X 系列,X455LJ
X 系列,X455LN
X 系列,X455WA
X 系列,X455WE
X 系列,X455YA
X 系列,X455YI
X 系列,X456UA
X 系列,X456UB
X 系列,X456UF
X 系列,X456UJ
X 系列,X45A
X 系列,X45C
X 系列,X45U
X 系列,X45VD
X 系列,X500UB
X 系列,X501A
X 系列,X501U
X 系列,X502CA
X 系列,X503MA
X 系列,X503SA
X 系列,X51H
X 系列,X51L
X 系列,X51R
X 系列,X51RL
X 系列,X53BE
X 系列,X53BR
X 系列,X53BY
X 系列,X540LA
X 系列,X540LJ
X 系列,X540SA
X 系列,X540SC
X 系列,X541NA
X 系列,X541NC
X 系列,X541UJ
X 系列,X54C
X 系列,X54H
X 系列,X54HR
X 系列,X54HY
X 系列,X54L
X 系列,X550CA
X 系列,X550CC
X 系列,X550CL
X 系列,X550DP
X 系列,X550EA
X 系列,X550EP
X 系列,X550IU
X 系列,X550JD
X 系列,X550JK
X 系列,X550LA
X 系列,X550LAV
X 系列,X550LB
X 系列,X550LC
X 系列,X550LD
X 系列,X550LDV
X 系列,X550LN
X 系列,X550LNV
X 系列,X550VB
X 系列,X550VC
X 系列,X550VL
X 系列,X550VQ
X 系列,X550VX
X 系列,X550WA
X 系列,X550WE
X 系列,X550ZE
X 系列,X551CA
X 系列,X551MA
X 系列,X552EA
X 系列,X552EP
X 系列,X552LA
X 系列,X552LD
X 系列,X552MD
X 系列,X552MJ
X 系列,X552VL
X 系列,X552WA
X 系列,X552WE
X 系列,X553SA
X 系列,X554LD
X 系列,X554LI
X 系列,X554LP
X 系列,X554UA
X 系列,X555DG
X 系列,X555LB
X 系列,X555LD
X 系列,X555LI
X 系列,X555LN
X 系列,X555LP
X 系列,X555SJ
X 系列,X555UA
X 系列,X555UB
X 系列,X555UF
X 系列,X555UJ
X 系列,X555YA
X 系列,X556UB
X 系列,X556UF
X 系列,X55A
X 系列,X55C
X 系列,X55U
X 系列,X55VD
X 系列,X580BP
X 系列,X580MA
X 系列,X580MB
X 系列,X580NV
X 系列,X58C
X 系列,X58L
X 系列,X58Le
X 系列,X61Gx
X 系列,X61SL
X 系列,X73BR
X 系列,X750JA
X 系列,X750JB
X 系列,X751LB
X 系列,X751LD
X 系列,X751LJ
X 系列,X751LK
X 系列,X751LN
X 系列,X751LX
X 系列,X751MA
X 系列,X751MJ
X 系列,X751SA
X 系列,X751SJ
X 系列,X751SV
X 系列,X751YI
X 系列,X756UJ
X 系列,X75A
X 系列,X75VB
X 系列,X75VC
X 系列,X75VD
X 系列,X84HR
X 系列,X85VD
,
ZenBook 3/ZenBookX系列,ASUS ZenBook 3 Deluxe UX490UA
ZenBook 3/ZenBookX系列,ASUS ZenBook 3 UX390UA
ZenBook 3/ZenBookX系列,ASUS ZenBook S UX391FA
ZenBook 3/ZenBookX系列,ASUS ZenBook S UX391UA
ZenBook 3/ZenBookX系列,ASUS ZenBook S UX393JA
ZenBook 3/ZenBookX系列,ASUS ZenBook S13 UX392FA
ZenBook 3/ZenBookX系列,ASUS ZenBook S13 UX392FN
,
ZENBOOK/U系列,ASUS Transformer Book Flip TP300LA
ZENBOOK/U系列,ASUS Transformer Book T100TAM
ZENBOOK/U系列,ASUS Transformer Book T200TA
ZENBOOK/U系列,ASUS Transformer Book T300LA
ZENBOOK/U系列,ASUS U3000
ZENBOOK/U系列,ASUS VivoBook S550CM
ZENBOOK/U系列,ASUS VivoBook X202E
ZENBOOK/U系列,ASUS ZenBook 13 UX325JA
ZENBOOK/U系列,ASUS ZenBook 13 UX331FA
ZENBOOK/U系列,ASUS ZenBook 13 UX331FAL
ZENBOOK/U系列,ASUS ZenBook 13 UX331FN
ZENBOOK/U系列,ASUS ZenBook 13 UX331UA
ZENBOOK/U系列,ASUS ZenBook 13 UX331UAL
ZENBOOK/U系列,ASUS ZenBook 13 UX331UN
ZENBOOK/U系列,ASUS ZenBook 13 UX333FA
ZENBOOK/U系列,ASUS ZenBook 13 UX333FAC
ZENBOOK/U系列,ASUS ZenBook 13 UX333FLC
ZENBOOK/U系列,ASUS ZenBook 13 UX333FN
ZENBOOK/U系列,ASUS ZenBook 13 UX334FAC
ZENBOOK/U系列,U3600FL
ZENBOOK/U系列,U3600FLC
ZENBOOK/U系列,ASUS ZenBook 14 UM425IA
ZENBOOK/U系列,ASUS ZenBook 14 UM431DA
ZENBOOK/U系列,ASUS ZenBook 14 UM433DA
ZENBOOK/U系列,ASUS ZenBook 14 UX425JA
ZENBOOK/U系列,ASUS ZenBook 14 UX431FA
ZENBOOK/U系列,ASUS ZenBook 14 UX431FL
ZENBOOK/U系列,ASUS ZenBook 14 UX431FN
ZENBOOK/U系列,ASUS ZenBook 14 UX433FA
ZENBOOK/U系列,ASUS ZenBook 14 UX433FAC
ZENBOOK/U系列,ASUS ZenBook 14 UX433FLC
ZENBOOK/U系列,ASUS ZenBook 14 UX433FN
ZENBOOK/U系列,ASUS ZenBook 14 UX434FAC
ZENBOOK/U系列,U4600FL
ZENBOOK/U系列,ASUS ZenBook 14 UX434FLC
ZENBOOK/U系列,ASUS ZenBook 14 UX434FQ
ZENBOOK/U系列,ASUS ZenBook 15 UX533FAC
ZENBOOK/U系列,ASUS ZenBook 15 UX533FD
ZENBOOK/U系列,ASUS ZenBook 15 UX533FN
ZENBOOK/U系列,ASUS ZenBook 15 UX533FTC
ZENBOOK/U系列,ASUS ZenBook 15 UX534FA
ZENBOOK/U系列,ASUS ZenBook 15 UX534FAC
ZENBOOK/U系列,ASUS ZenBook 15 UX534FT
ZENBOOK/U系列,ASUS ZenBook 15 UX534FTC
ZENBOOK/U系列,ASUS ZenBook 3 Deluxe UX490UA
ZENBOOK/U系列,ASUS ZenBook Edition 30 U3600FL
ZENBOOK/U系列,ASUS ZenBook Flip UX360CA
ZENBOOK/U系列,ASUS ZenBook Flip UX360UA
ZENBOOK/U系列,ASUS ZenBook Flip UX560UA
ZENBOOK/U系列,ASUS ZenBook Flip UX560UQ
ZENBOOK/U系列,ASUS ZenBook Flip UX560UX
ZENBOOK/U系列,ASUS ZenBook Pro UX501JW
ZENBOOK/U系列,ASUS ZenBook Pro UX501VW
ZENBOOK/U系列,ASUS ZenBook Touch U500VZ
ZENBOOK/U系列,ASUS ZenBook Touch UX31A
ZENBOOK/U系列,ASUS ZenBook TP360CA
ZENBOOK/U系列,ASUS ZENBOOK U305FA
ZENBOOK/U系列,ASUS ZenBook UX21A
ZENBOOK/U系列,ASUS ZenBook UX21E
ZENBOOK/U系列,ASUS ZenBook UX301LA
ZENBOOK/U系列,ASUS ZenBook UX302LA
ZENBOOK/U系列,ASUS ZenBook UX302LG
ZENBOOK/U系列,ASUS ZenBook UX303LA
ZENBOOK/U系列,ASUS ZenBook UX303LB
ZENBOOK/U系列,ASUS ZenBook UX303LN
ZENBOOK/U系列,ASUS ZenBook UX303UA
ZENBOOK/U系列,ASUS ZenBook UX303UB
ZENBOOK/U系列,ASUS ZenBook UX305CA
ZENBOOK/U系列,ASUS ZenBook UX305FA
ZENBOOK/U系列,ASUS ZenBook UX305LA
ZENBOOK/U系列,ASUS ZenBook UX305UA
ZENBOOK/U系列,ASUS ZenBook UX310UA
ZENBOOK/U系列,ASUS Zenbook UX310UF
ZENBOOK/U系列,ASUS Zenbook UX310UQ
ZENBOOK/U系列,ASUS ZenBook UX31A
ZENBOOK/U系列,ASUS ZenBook UX31E
ZENBOOK/U系列,ASUS ZenBook UX32A
ZENBOOK/U系列,ASUS ZenBook UX32VD
ZENBOOK/U系列,ASUS ZenBook UX32VD II
ZENBOOK/U系列,ASUS ZenBook UX330CA
ZENBOOK/U系列,ASUS ZenBook UX330UA
ZENBOOK/U系列,ASUS ZenBook UX410UA
ZENBOOK/U系列,ASUS ZenBook UX410UF
ZENBOOK/U系列,ASUS ZenBook UX410UQ
ZENBOOK/U系列,ASUS ZenBook UX430UA
ZENBOOK/U系列,ASUS ZenBook UX430UN
ZENBOOK/U系列,ASUS ZenBook UX430UQ
ZENBOOK/U系列,ASUS ZenBook UX501JW
ZENBOOK/U系列,ASUS ZenBook UX510UW
ZENBOOK/U系列,ASUS ZenBook UX530UQ
ZENBOOK/U系列,ASUS ZenBook UX530UX
ZENBOOK/U系列,BX430UA
ZENBOOK/U系列,Q400A
ZENBOOK/U系列,S56CA
ZENBOOK/U系列,S56CM
ZENBOOK/U系列,U20A
ZENBOOK/U系列,U24A
ZENBOOK/U系列,U24E
ZENBOOK/U系列,U2E Bamboo
ZENBOOK/U系列,U3000CA
ZENBOOK/U系列,U3000UA
ZENBOOK/U系列,U3000UF
ZENBOOK/U系列,U3000UQ
ZENBOOK/U系列,U303LA
ZENBOOK/U系列,U303LB
ZENBOOK/U系列,U303LN
ZENBOOK/U系列,U303UA
ZENBOOK/U系列,U303UB
ZENBOOK/U系列,U305CA
ZENBOOK/U系列,U305UA
ZENBOOK/U系列,U306UA
ZENBOOK/U系列,U30Jc
ZENBOOK/U系列,U30SD
ZENBOOK/U系列,U3100UA
ZENBOOK/U系列,U3100UAL
ZENBOOK/U系列,U3100UN
ZENBOOK/U系列,U310UA
ZENBOOK/U系列,U310UQ
ZENBOOK/U系列,U31F
ZENBOOK/U系列,U31JG
ZENBOOK/U系列,U31SD
ZENBOOK/U系列,U31SG
ZENBOOK/U系列,U32U
ZENBOOK/U系列,U32VJ
ZENBOOK/U系列,U32VM
ZENBOOK/U系列,U3300FN
ZENBOOK/U系列,U330UA
ZENBOOK/U系列,U33Jc
ZENBOOK/U系列,U35F
ZENBOOK/U系列,U35Jc
ZENBOOK/U系列,U360CA
ZENBOOK/U系列,U36JC
ZENBOOK/U系列,U36SD
ZENBOOK/U系列,U36SG
ZENBOOK/U系列,U3700JA
ZENBOOK/U系列,U37VC
ZENBOOK/U系列,U38DT
ZENBOOK/U系列,U38N
ZENBOOK/U系列,U3S
ZENBOOK/U系列,U3Sg
ZENBOOK/U系列,U4000
ZENBOOK/U系列,U4000UA
ZENBOOK/U系列,U4000UF
ZENBOOK/U系列,U4000UQ
ZENBOOK/U系列,U40SD
ZENBOOK/U系列,U4100UN
ZENBOOK/U系列,U4100UQ
ZENBOOK/U系列,U410UA
ZENBOOK/U系列,U410UQ
ZENBOOK/U系列,U410UV
ZENBOOK/U系列,U41JF
ZENBOOK/U系列,U41SV
ZENBOOK/U系列,U4300FN
ZENBOOK/U系列,U43Jc
ZENBOOK/U系列,U43SD
ZENBOOK/U系列,U44SG
ZENBOOK/U系列,U4500FL
ZENBOOK/U系列,U4500FN
ZENBOOK/U系列,U45Jc
ZENBOOK/U系列,U46E
ZENBOOK/U系列,U46SM
ZENBOOK/U系列,U46SV
ZENBOOK/U系列,U4700IA
ZENBOOK/U系列,U4700JA
ZENBOOK/U系列,U47A
ZENBOOK/U系列,U47VC
ZENBOOK/U系列,U5000
ZENBOOK/U系列,U5000UX
ZENBOOK/U系列,U50Vg
ZENBOOK/U系列,U5100UQ
ZENBOOK/U系列,U5300FN
ZENBOOK/U系列,U53Jc
ZENBOOK/U系列,U53SD
ZENBOOK/U系列,U5500VE
ZENBOOK/U系列,U56E
ZENBOOK/U系列,U5800GE
ZENBOOK/U系列,U6E
ZENBOOK/U系列,U6Ep
ZENBOOK/U系列,U6S
ZENBOOK/U系列,U6Sg
ZENBOOK/U系列,U6V
ZENBOOK/U系列,U6Vc
ZENBOOK/U系列,U80V
ZENBOOK/U系列,U82U
ZENBOOK/U系列,UF4000FN
ZENBOOK/U系列,UL20A
ZENBOOK/U系列,UL20FT
ZENBOOK/U系列,UL30A
ZENBOOK/U系列,UL30Jt
ZENBOOK/U系列,UL30Vt
ZENBOOK/U系列,UL50A
ZENBOOK/U系列,UL50Ag
ZENBOOK/U系列,UL50At
ZENBOOK/U系列,UL50Vg
ZENBOOK/U系列,UL50Vs
ZENBOOK/U系列,UL50Vt
ZENBOOK/U系列,UL80Ag
ZENBOOK/U系列,UL80Jt
ZENBOOK/U系列,UL80V
ZENBOOK/U系列,UL80Vs
ZENBOOK/U系列,UL80Vt
ZENBOOK/U系列,UX30
ZENBOOK/U系列,UX3000FA
ZENBOOK/U系列,UX3000XN
ZENBOOK/U系列,UX4000FL
ZENBOOK/U系列,UX42VS
ZENBOOK/U系列,UX5000LVL
ZENBOOK/U系列,UX50V
ZENBOOK/U系列,UX51VZ
ZENBOOK/U系列,UX52VS
ZENBOOK/U系列,X200MA
ZENBOOK/U系列,X201E
ZENBOOK/U系列,Z35F
ZENBOOK/U系列,Z35H
ZENBOOK/U系列,Z35L
ZENBOOK/U系列,ZenBook Duo UX481FA
ZENBOOK/U系列,ZenBook Duo UX481FL
ZENBOOK/U系列,Zenbook NX500JK
,
灵耀X Pro 系列,ASUS ZenBook Pro 14 UX450FD
灵耀X Pro 系列,ASUS ZenBook Pro 14 UX450FDA
灵耀X Pro 系列,ASUS ZenBook Pro 14 UX480FD
灵耀X Pro 系列,ASUS ZenBook Pro 15 UX550GD
灵耀X Pro 系列,ASUS ZenBook Pro 15 UX550GE
灵耀X Pro 系列,ASUS ZenBook Pro 15 UX580GD
灵耀X Pro 系列,ASUS ZenBook Pro 15 UX580GE
灵耀X Pro 系列,ASUS ZenBook Pro UX501JW
灵耀X Pro 系列,ASUS ZenBook Pro UX501VW
灵耀X Pro 系列,ASUS ZenBook Pro UX550VD
灵耀X Pro 系列,ASUS ZenBook Pro UX550VE
灵耀X Pro 系列,ZenBook Duo UX481FA
灵耀X Pro 系列,ZenBook Duo UX481FL
灵耀X Pro 系列,Zenbook NX500
灵耀X Pro 系列,ZenBook Pro UX581GV
灵耀X Pro 系列,ZenBook Pro Duo UX581LV
,
飞行堡垒/天选系列,ASUS FX553VD
飞行堡垒/天选系列,ASUS FX553VE
飞行堡垒/天选系列,ASUS FX753VD
飞行堡垒/天选系列,ASUS FX753VE
飞行堡垒/天选系列,ASUS Laptop F571GT
飞行堡垒/天选系列,FA506
飞行堡垒/天选系列,FA706
飞行堡垒/天选系列,ASUS TUF Gaming F15
飞行堡垒/天选系列,ASUS TUF Gaming F17
飞行堡垒/天选系列,FX80
飞行堡垒/天选系列,ASUS TUF Gaming FX505DD/DT/DU
飞行堡垒/天选系列,ASUS TUF Gaming FX505DV
飞行堡垒/天选系列,ASUS TUF Gaming FX505DY
飞行堡垒/天选系列,ASUS TUF Gaming FX505GT
飞行堡垒/天选系列,ASUS TUF Gaming FX505GU
飞行堡垒/天选系列,ASUS TUF Gaming FX705DY
飞行堡垒/天选系列,FH5900VQ
飞行堡垒/天选系列,FX502VD
飞行堡垒/天选系列,FX502VE
飞行堡垒/天选系列,FX503
飞行堡垒/天选系列,FX50JK
飞行堡垒/天选系列,FX50JX
飞行堡垒/天选系列,FX50VX
飞行堡垒/天选系列,FX51VW
飞行堡垒/天选系列,FX53VD
飞行堡垒/天选系列,FX53VW
飞行堡垒/天选系列,FX570
飞行堡垒/天选系列,FX60VM
飞行堡垒/天选系列,FX63VD
飞行堡垒/天选系列,FX63VM
飞行堡垒/天选系列,FX71PRO
飞行堡垒/天选系列,FX73VD
飞行堡垒/天选系列,FX86FD
飞行堡垒/天选系列,FX86FE
飞行堡垒/天选系列,FX86FM
飞行堡垒/天选系列,FX86SM
飞行堡垒/天选系列,FX-PLUS
飞行堡垒/天选系列,FX-PRO
飞行堡垒/天选系列,FZ50VW
飞行堡垒/天选系列,FZ53VD
飞行堡垒/天选系列,FZ63VD
飞行堡垒/天选系列,FZ63VM
飞行堡垒/天选系列,KX53VE
飞行堡垒/天选系列,ZX50JX
飞行堡垒/天选系列,ZX50VW
飞行堡垒/天选系列,ZX50VX
飞行堡垒/天选系列,ZX53VD
飞行堡垒/天选系列,ZX53VE
飞行堡垒/天选系列,ZX53VW
飞行堡垒/天选系列,ZX60VD
飞行堡垒/天选系列,ZX60VM
飞行堡垒/天选系列,ZX63VD
飞行堡垒/天选系列,ZX70VW
飞行堡垒/天选系列,ZX73VD
,
